0,UNDERGROUND_NAME_000,,129,-1,42,588,0,"0
0
0
-1
0"
1,UNDERGROUND_NAME_001,Bilie rosse S,126,10,42,504,0,"1
0
2
-1
0"
2,UNDERGROUND_NAME_002,Bilie blu S,126,10,42,504,0,"1
0
2
-1
0"
3,UNDERGROUND_NAME_003,Bilie verdi S,126,10,42,504,0,"1
0
2
-1
0"
4,UNDERGROUND_NAME_004,Bilie prisma S,126,10,42,504,0,"1
0
2
-1
0"
5,UNDERGROUND_NAME_005,Bilie terse S,126,10,42,504,0,"1
0
2
-1
0"
6,UNDERGROUND_NAME_006,Bilie rosse L,126,10,42,504,0,"1
0
2
-1
0"
7,UNDERGROUND_NAME_007,Bilie blu L,126,10,42,504,0,"1
0
2
-1
0"
8,UNDERGROUND_NAME_008,Bilie verdi L,126,10,42,504,0,"1
0
2
-1
0"
9,UNDERGROUND_NAME_009,Bilie prisma L,126,10,42,504,0,"1
0
2
-1
0"
10,UNDERGROUND_NAME_010,Bilie terse L,126,10,42,504,0,"1
0
2
-1
0"
11,UNDERGROUND_NAME_011,Revitalizzanti,122,-1,42,420,0,"0
0
0
-1
0"
12,UNDERGROUND_NAME_012,Revitalizz. Max,122,-1,42,420,0,"0
0
0
-1
0"
13,UNDERGROUND_NAME_013,Cocci Rossi,122,-1,42,420,0,"0
0
0
-1
0"
14,UNDERGROUND_NAME_014,Cocci Blu,122,-1,42,420,0,"0
0
0
-1
0"
15,UNDERGROUND_NAME_015,Cocci Gialli,122,-1,42,420,0,"0
0
0
-1
0"
16,UNDERGROUND_NAME_016,Cocci Verdi,122,-1,42,420,0,"0
0
0
-1
0"
17,UNDERGROUND_NAME_017,Pietresolari,122,-1,42,420,0,"1
0
0
-1
0"
18,UNDERGROUND_NAME_018,Pietrelunari,122,-1,42,420,0,"1
0
0
-1
0"
19,UNDERGROUND_NAME_019,Pietrefocaie,122,-1,42,420,0,"1
0
0
-1
0"
20,UNDERGROUND_NAME_020,Pietretuono,122,-1,42,420,0,"1
0
0
-1
0"
21,UNDERGROUND_NAME_021,Pietreidriche,122,-1,42,420,0,"1
0
0
-1
0"
22,UNDERGROUND_NAME_022,Pietrefoglia,122,-1,42,420,0,"1
0
0
-1
0"
23,UNDERGROUND_NAME_023,Pietreovali,122,-1,42,420,0,"1
0
0
-1
0"
24,UNDERGROUND_NAME_024,Pietrestanti,122,-1,42,420,0,"1
0
0
-1
0"
25,UNDERGROUND_NAME_025,Roccianime,122,-1,42,420,0,"1
0
0
-1
0"
26,UNDERGROUND_NAME_026,Pezzi Stella,122,-1,42,420,0,"0
0
0
-1
0"
27,UNDERGROUND_NAME_027,Squame Cuore,122,-1,42,420,0,"1
0
0
-1
0"
28,UNDERGROUND_NAME_028,Radifossili,122,-1,42,420,0,"0
0
0
-1
0"
29,UNDERGROUND_NAME_029,Fossilunghia,122,-1,42,420,0,"0
0
0
-1
0"
30,UNDERGROUND_NAME_030,Helixfossili,122,-1,42,420,0,"0
3
0
-1
0"
31,UNDERGROUND_NAME_031,Domofossili,122,-1,42,420,0,"0
0
0
-1
0"
32,UNDERGROUND_NAME_032,Ambre antiche,122,-1,42,420,0,"1
0
0
-1
0"
33,UNDERGROUND_NAME_033,Fossilscudo,122,-1,42,420,0,"0
0
0
-1
0"
34,UNDERGROUND_NAME_034,Fossilcranio,122,-1,42,420,0,"0
0
0
-1
0"
35,UNDERGROUND_NAME_035,Ossi Rari,122,-1,42,420,0,"0
0
0
-1
0"
36,UNDERGROUND_NAME_036,Creta Luce,122,-1,42,420,0,"1
0
1
-1
0"
37,UNDERGROUND_NAME_037,Ferropalle,122,-1,42,420,0,"1
0
0
-1
0"
38,UNDERGROUND_NAME_038,Roccefredde,122,-1,42,420,0,"1
0
0
-1
0"
39,UNDERGROUND_NAME_039,Roccelisce,122,-1,42,420,0,"1
0
0
-1
0"
40,UNDERGROUND_NAME_040,Roccecalde,122,-1,42,420,0,"1
0
0
-1
0"
41,UNDERGROUND_NAME_041,Rocceumide,122,-1,42,420,0,"1
0
0
-1
0"
42,UNDERGROUND_NAME_042,Frammenti insoliti S,126,10,42,504,0,"0
0
0
-1
0"
43,UNDERGROUND_NAME_043,Frammenti insoliti L,126,10,42,504,0,"0
0
0
-1
0"
44,UNDERGROUND_NAME_044,Pietredure,122,-1,42,420,0,"1
0
0
-1
0"
45,UNDERGROUND_NAME_045,Lastrerogo,122,-1,42,420,0,"1
0
0
-1
0"
46,UNDERGROUND_NAME_046,Lastreidro,122,-1,42,420,0,"1
0
0
-1
0"
47,UNDERGROUND_NAME_047,Lastresaetta,122,-1,42,420,0,"1
0
0
-1
0"
48,UNDERGROUND_NAME_048,Lastreprato,122,-1,42,420,0,"1
0
0
-1
0"
49,UNDERGROUND_NAME_049,Lastregelo,122,-1,42,420,0,"1
0
0
-1
0"
50,UNDERGROUND_NAME_050,Lastrepugno,122,-1,42,420,0,"1
0
0
-1
0"
51,UNDERGROUND_NAME_051,Lastrefiele,122,-1,42,420,0,"1
0
0
-1
0"
52,UNDERGROUND_NAME_052,Lastregeo,122,-1,42,420,0,"1
0
0
-1
0"
53,UNDERGROUND_NAME_053,Lastrecielo,122,-1,42,420,0,"1
0
0
-1
0"
54,UNDERGROUND_NAME_054,Lastremente,122,-1,42,420,0,"1
0
0
-1
0"
55,UNDERGROUND_NAME_055,Lastrebaco,122,-1,42,420,0,"1
0
0
-1
0"
56,UNDERGROUND_NAME_056,Lastrepietra,122,-1,42,420,0,"1
0
0
-1
0"
57,UNDERGROUND_NAME_057,Lastretetre,122,-1,42,420,0,"1
0
0
-1
0"
58,UNDERGROUND_NAME_058,Lastredrakon,122,-1,42,420,0,"1
0
0
-1
0"
59,UNDERGROUND_NAME_059,Lastretimore,122,-1,42,420,0,"1
0
0
-1
0"
60,UNDERGROUND_NAME_060,Lastreferro,122,-1,42,420,0,"1
0
0
-1
0"
61,UNDERGROUND_NAME_061,Lastrespiritello,122,-1,42,420,0,"1
0
0
-1
0"
631,UNDERGROUND_NAME_062,Dawn Stones,123,-1,42,420,0,"-1
0
0
-1
0"
632,UNDERGROUND_NAME_063,Dusk Stones,123,-1,42,420,0,"-1
0
0
-1
0"
633,UNDERGROUND_NAME_064,Shiny Stones,123,-1,42,420,0,"-1
0
0
-1
0"
634,UNDERGROUND_NAME_065,Ice Stones,123,-1,42,420,0,"-1
0
0
-1
0"
635,UNDERGROUND_NAME_066,Tumblestones,123,-1,42,420,0,"-1
0
0
-1
0"
636,UNDERGROUND_NAME_067,Black Tumblestones,123,-1,42,420,0,"-1
0
0
-1
0"
637,UNDERGROUND_NAME_068,Sky Tumblestones,123,-1,42,420,0,"-1
0
0
-1
0"
638,UNDERGROUND_NAME_069,Comet Shards,123,-1,42,420,0,"-1
0
0
-1
0"
639,UNDERGROUND_NAME_070,Cover Fossils,123,-1,42,420,0,"-1
0
0
-1
0"
640,UNDERGROUND_NAME_071,Plume Fossils,123,-1,42,420,0,"-1
0
0
-1
0"
641,UNDERGROUND_NAME_072,Sail Fossils,123,-1,42,420,0,"-1
0
0
-1
0"
642,UNDERGROUND_NAME_073,Jaw Fossils,123,-1,42,420,0,"-1
0
0
-1
0"
643,UNDERGROUND_NAME_074,Energy Roots,123,-1,42,420,0,"-1
0
0
-1
0"
644,UNDERGROUND_NAME_075,Revival Herbs,123,-1,42,420,0,"-1
0
0
-1
0"
0,,,0,0,0,0,0,
0,,,0,0,0,0,0,
0,,,0,0,0,0,0,
0,,,0,0,0,0,0,
0,,,0,0,0,0,0,
0,,,0,0,0,0,0,
0,,,0,0,0,0,0,
0,,,0,0,0,0,0,
0,,,0,0,0,0,0,
0,,,0,0,0,0,0,
0,,,0,0,0,0,0,
0,,,0,0,0,0,0,
0,,,0,0,0,0,0,
0,,,0,0,0,0,0,
0,,,0,0,0,0,0,
0,,,0,0,0,0,0,
0,,,0,0,0,0,0,
0,,,0,0,0,0,0,
0,,,0,0,0,0,0,
0,,,0,0,0,0,0,
0,,,0,0,0,0,0,
0,,,0,0,0,0,0,
0,,,0,0,0,0,0,
0,,,0,0,0,0,0,
0,,,0,0,0,0,0,
0,,,0,0,0,0,0,
0,,,0,0,0,0,0,
0,,,0,0,0,0,0,
0,,,0,0,0,0,0,
0,,,0,0,0,0,0,
0,,,0,0,0,0,0,
0,,,0,0,0,0,0,
0,,,0,0,0,0,0,
0,,,0,0,0,0,0,
0,,,0,0,0,0,0,
0,,,0,0,0,0,0,
0,,,0,0,0,0,0,
0,,,0,0,0,0,0,
0,,,0,0,0,0,0,
0,,,0,0,0,0,0,
0,,,0,0,0,0,0,
0,,,0,0,0,0,0,
0,,,0,0,0,0,0,
0,,,0,0,0,0,0,
0,,,0,0,0,0,0,
0,,,0,0,0,0,0,
0,,,0,0,0,0,0,
0,,,0,0,0,0,0,
0,,,0,0,0,0,0,
0,,,0,0,0,0,0,
0,,,0,0,0,0,0,
0,,,0,0,0,0,0,
0,,,0,0,0,0,0,
0,,,0,0,0,0,0,
0,,,0,0,0,0,0,
0,,,0,0,0,0,0,
0,,,0,0,0,0,0,
0,,,0,0,0,0,0,
0,,,0,0,0,0,0,
0,,,0,0,0,0,0,
0,,,0,0,0,0,0,
0,,,0,0,0,0,0,
0,,,0,0,0,0,0,
0,,,0,0,0,0,0,
0,,,0,0,0,0,0,
0,,,0,0,0,0,0,
0,,,0,0,0,0,0,
0,,,0,0,0,0,0,
0,,,0,0,0,0,0,
0,,,0,0,0,0,0,
0,,,0,0,0,0,0,
0,,,0,0,0,0,0,
0,,,0,0,0,0,0,
0,,,0,0,0,0,0,
0,,,0,0,0,0,0,
0,,,0,0,0,0,0,
0,,,0,0,0,0,0,
0,,,0,0,0,0,0,
0,,,0,0,0,0,0,
0,,,0,0,0,0,0,
0,,,0,0,0,0,0,
0,,,0,0,0,0,0,
0,,,0,0,0,0,0,
0,,,0,0,0,0,0,
0,,,0,0,0,0,0,
0,,,0,0,0,0,0,
0,,,0,0,0,0,0,
0,,,0,0,0,0,0,
0,,,0,0,0,0,0,
0,,,0,0,0,0,0,
0,,,0,0,0,0,0,
0,,,0,0,0,0,0,
0,,,0,0,0,0,0,
0,,,0,0,0,0,0,
0,,,0,0,0,0,0,
0,,,0,0,0,0,0,
0,,,0,0,0,0,0,
0,,,0,0,0,0,0,
0,,,0,0,0,0,0,
0,,,0,0,0,0,0,
0,,,0,0,0,0,0,
0,,,0,0,0,0,0,
0,,,0,0,0,0,0,
0,,,0,0,0,0,0,
0,,,0,0,0,0,0,
0,,,0,0,0,0,0,
0,,,0,0,0,0,0,
0,,,0,0,0,0,0,
0,,,0,0,0,0,0,
0,,,0,0,0,0,0,
0,,,0,0,0,0,0,
0,,,0,0,0,0,0,
0,,,0,0,0,0,0,
0,,,0,0,0,0,0,
0,,,0,0,0,0,0,
0,,,0,0,0,0,0,
0,,,0,0,0,0,0,
0,,,0,0,0,0,0,
0,,,0,0,0,0,0,
0,,,0,0,0,0,0,
0,,,0,0,0,0,0,
0,,,0,0,0,0,0,
0,,,0,0,0,0,0,
0,,,0,0,0,0,0,
0,,,0,0,0,0,0,
0,,,0,0,0,0,0,
0,,,0,0,0,0,0,
0,,,0,0,0,0,0,
0,,,0,0,0,0,0,
0,,,0,0,0,0,0,
0,,,0,0,0,0,0,
0,,,0,0,0,0,0,
0,,,0,0,0,0,0,
0,,,0,0,0,0,0,
0,,,0,0,0,0,0,
0,,,0,0,0,0,0,
0,,,0,0,0,0,0,
0,,,0,0,0,0,0,
0,,,0,0,0,0,0,
0,,,0,0,0,0,0,
0,,,0,0,0,0,0,
0,,,0,0,0,0,0,
0,,,0,0,0,0,0,
0,,,0,0,0,0,0,
0,,,0,0,0,0,0,
0,,,0,0,0,0,0,
0,,,0,0,0,0,0,
0,,,0,0,0,0,0,
0,,,0,0,0,0,0,
0,,,0,0,0,0,0,
0,,,0,0,0,0,0,
0,,,0,0,0,0,0,
0,,,0,0,0,0,0,
0,,,0,0,0,0,0,
0,,,0,0,0,0,0,
0,,,0,0,0,0,0,
0,,,0,0,0,0,0,
0,,,0,0,0,0,0,
0,,,0,0,0,0,0,
0,,,0,0,0,0,0,
0,,,0,0,0,0,0,
0,,,0,0,0,0,0,
0,,,0,0,0,0,0,
0,,,0,0,0,0,0,
0,,,0,0,0,0,0,
0,,,0,0,0,0,0,
0,,,0,0,0,0,0,
0,,,0,0,0,0,0,
0,,,0,0,0,0,0,
0,,,0,0,0,0,0,
0,,,0,0,0,0,0,
0,,,0,0,0,0,0,
0,,,0,0,0,0,0,
0,,,0,0,0,0,0,
0,,,0,0,0,0,0,
0,,,0,0,0,0,0,
0,,,0,0,0,0,0,
0,,,0,0,0,0,0,
0,,,0,0,0,0,0,
0,,,0,0,0,0,0,
0,,,0,0,0,0,0,
0,,,0,0,0,0,0,
0,,,0,0,0,0,0,
0,,,0,0,0,0,0,
0,,,0,0,0,0,0,
0,,,0,0,0,0,0,
0,,,0,0,0,0,0,
0,,,0,0,0,0,0,
0,,,0,0,0,0,0,
0,,,0,0,0,0,0,
0,,,0,0,0,0,0,
0,,,0,0,0,0,0,
0,,,0,0,0,0,0,
0,,,0,0,0,0,0,
0,,,0,0,0,0,0,
0,,,0,0,0,0,0,
0,,,0,0,0,0,0,
0,,,0,0,0,0,0,
0,,,0,0,0,0,0,
0,,,0,0,0,0,0,
0,,,0,0,0,0,0,
0,,,0,0,0,0,0,
0,,,0,0,0,0,0,
0,,,0,0,0,0,0,
0,,,0,0,0,0,0,
0,,,0,0,0,0,0,
0,,,0,0,0,0,0,
0,,,0,0,0,0,0,
0,,,0,0,0,0,0,
0,,,0,0,0,0,0,
0,,,0,0,0,0,0,
0,,,0,0,0,0,0,
0,,,0,0,0,0,0,
0,,,0,0,0,0,0,
0,,,0,0,0,0,0,
0,,,0,0,0,0,0,
0,,,0,0,0,0,0,
0,,,0,0,0,0,0,
0,,,0,0,0,0,0,
0,,,0,0,0,0,0,
0,,,0,0,0,0,0,
0,,,0,0,0,0,0,
0,,,0,0,0,0,0,
0,,,0,0,0,0,0,
0,,,0,0,0,0,0,
0,,,0,0,0,0,0,
0,,,0,0,0,0,0,
0,,,0,0,0,0,0,
0,,,0,0,0,0,0,
0,,,0,0,0,0,0,
0,,,0,0,0,0,0,
0,,,0,0,0,0,0,
0,,,0,0,0,0,0,
0,,,0,0,0,0,0,
0,,,0,0,0,0,0,
0,,,0,0,0,0,0,
0,,,0,0,0,0,0,
0,,,0,0,0,0,0,
0,,,0,0,0,0,0,
0,,,0,0,0,0,0,
0,,,0,0,0,0,0,
0,,,0,0,0,0,0,
0,,,0,0,0,0,0,
0,,,0,0,0,0,0,
0,,,0,0,0,0,0,
0,,,0,0,0,0,0,
0,,,0,0,0,0,0,
0,,,0,0,0,0,0,
0,,,0,0,0,0,0,
0,,,0,0,0,0,0,
0,,,0,0,0,0,0,
0,,,0,0,0,0,0,
0,,,0,0,0,0,0,
0,,,0,0,0,0,0,
0,,,0,0,0,0,0,
0,,,0,0,0,0,0,
0,,,0,0,0,0,0,
0,,,0,0,0,0,0,
0,,,0,0,0,0,0,
0,,,0,0,0,0,0,
0,,,0,0,0,0,0,
0,,,0,0,0,0,0,
0,,,0,0,0,0,0,
0,,,0,0,0,0,0,
0,,,0,0,0,0,0,
0,,,0,0,0,0,0,
0,,,0,0,0,0,0,
0,,,0,0,0,0,0,
0,,,0,0,0,0,0,
0,,,0,0,0,0,0,
0,,,0,0,0,0,0,
0,,,0,0,0,0,0,
0,,,0,0,0,0,0,
0,,,0,0,0,0,0,
0,,,0,0,0,0,0,
0,,,0,0,0,0,0,
0,,,0,0,0,0,0,
0,,,0,0,0,0,0,
0,,,0,0,0,0,0,
0,,,0,0,0,0,0,
0,,,0,0,0,0,0,
0,,,0,0,0,0,0,
0,,,0,0,0,0,0,
0,,,0,0,0,0,0,
0,,,0,0,0,0,0,
0,,,0,0,0,0,0,
0,,,0,0,0,0,0,
0,,,0,0,0,0,0,
0,,,0,0,0,0,0,
0,,,0,0,0,0,0,
0,,,0,0,0,0,0,
0,,,0,0,0,0,0,
0,,,0,0,0,0,0,
0,,,0,0,0,0,0,
62,UNDERGROUND_NAME_370,Basi quadrate XS,126,10,42,504,0,"1
0
2
-1
0"
63,UNDERGROUND_NAME_371,Basi quadrate S,126,10,42,504,0,"1
0
2
-1
0"
64,UNDERGROUND_NAME_372,Basi quadrate M,126,10,42,504,0,"1
0
2
-1
0"
65,UNDERGROUND_NAME_373,Basi quadrate L,126,10,42,504,0,"1
0
2
-1
0"
66,UNDERGROUND_NAME_374,Basi rotonde XS,126,10,42,504,0,"1
0
2
-1
0"
67,UNDERGROUND_NAME_375,Basi rotonde M,126,10,42,504,0,"1
0
2
-1
0"
68,UNDERGROUND_NAME_376,Basi rotonde L,126,10,42,504,0,"1
0
2
-1
0"
69,UNDERGROUND_NAME_377,Basi immobili XS,126,10,42,504,0,"1
0
2
-1
0"
70,UNDERGROUND_NAME_378,Basi immobili S,126,10,42,504,0,"1
0
2
-1
0"
71,UNDERGROUND_NAME_379,Basi immobili M,126,10,42,504,0,"1
0
2
-1
0"
72,UNDERGROUND_NAME_380,Basi immobili L,126,10,42,504,0,"1
0
2
-1
0"
73,UNDERGROUND_NAME_381,Basi trasparenti XS,126,10,42,504,0,"1
0
2
-1
0"
74,UNDERGROUND_NAME_382,Basi trasparenti S,126,10,42,504,0,"1
0
2
-1
0"
75,UNDERGROUND_NAME_383,Basi trasparenti M,126,10,42,504,0,"1
0
2
-1
0"
76,UNDERGROUND_NAME_384,Basi trasparenti L,126,10,42,504,0,"1
0
2
-1
0"
77,UNDERGROUND_NAME_385,Basi aurora L,126,10,42,504,0,"1
0
2
-1
0"
78,UNDERGROUND_NAME_386,Basi aurora XL,126,10,42,504,0,"1
0
2
-1
0"
79,UNDERGROUND_NAME_387,Basi notte fonda L,126,10,42,504,0,"1
0
2
-1
0"
80,UNDERGROUND_NAME_388,Basi notte fonda XL,126,10,42,504,0,"1
0
2
-1
0"
81,UNDERGROUND_NAME_389,Basi diamante L,126,10,42,504,0,"1
0
2
-1
0"
82,UNDERGROUND_NAME_390,Basi diamante XL,126,10,42,504,0,"1
0
2
-1
0"
83,UNDERGROUND_NAME_391,Basi perla L,126,10,42,504,0,"1
0
2
-1
0"
84,UNDERGROUND_NAME_392,Basi perla XL,126,10,42,504,0,"1
0
2
-1
0"
85,UNDERGROUND_NAME_393,Basi destrogire XS,126,10,42,504,0,"1
0
2
-1
0"
86,UNDERGROUND_NAME_394,Basi destrogire M,126,10,42,504,0,"1
0
2
-1
0"
87,UNDERGROUND_NAME_395,Basi destrogire L,126,10,42,504,0,"1
0
2
-1
0"
88,UNDERGROUND_NAME_396,Basi sinistrogire XS,126,10,42,504,0,"1
0
2
-1
0"
89,UNDERGROUND_NAME_397,Basi sinistrogire M,126,10,42,504,0,"1
0
2
-1
0"
90,UNDERGROUND_NAME_398,Basi sinistrogire L,126,10,42,504,0,"1
0
2
-1
0"
91,UNDERGROUND_NAME_399,Trivelle,122,-1,42,420,0,"1
0
2
-1
0"
92,UNDERGROUND_NAME_400,MT01,122,-1,42,420,0,"1
1
0
-1
0"
93,UNDERGROUND_NAME_401,MT02,122,-1,42,420,0,"1
1
0
-1
0"
94,UNDERGROUND_NAME_402,MT03,122,-1,42,420,0,"1
1
0
-1
0"
95,UNDERGROUND_NAME_403,MT04,122,-1,42,420,0,"1
1
0
-1
0"
96,UNDERGROUND_NAME_404,MT05,122,-1,42,420,0,"1
1
0
-1
0"
97,UNDERGROUND_NAME_405,MT06,122,-1,42,420,0,"1
1
0
-1
0"
98,UNDERGROUND_NAME_406,MT07,122,-1,42,420,0,"1
1
0
-1
0"
99,UNDERGROUND_NAME_407,MT08,122,-1,42,420,0,"1
1
0
-1
0"
100,UNDERGROUND_NAME_408,MT09,122,-1,42,420,0,"1
1
0
-1
0"
101,UNDERGROUND_NAME_409,MT10,122,-1,42,420,0,"1
1
0
-1
0"
102,UNDERGROUND_NAME_410,MT11,122,-1,42,420,0,"1
1
0
-1
0"
103,UNDERGROUND_NAME_411,MT12,122,-1,42,420,0,"1
1
0
-1
0"
104,UNDERGROUND_NAME_412,MT13,122,-1,42,420,0,"1
1
0
-1
0"
105,UNDERGROUND_NAME_413,MT14,122,-1,42,420,0,"1
1
0
-1
0"
106,UNDERGROUND_NAME_414,MT15,122,-1,42,420,0,"1
1
0
-1
0"
107,UNDERGROUND_NAME_415,MT16,122,-1,42,420,0,"1
1
0
-1
0"
108,UNDERGROUND_NAME_416,MT17,122,-1,42,420,0,"1
1
0
-1
0"
109,UNDERGROUND_NAME_417,MT18,122,-1,42,420,0,"1
1
0
-1
0"
110,UNDERGROUND_NAME_418,MT19,122,-1,42,420,0,"1
1
0
-1
0"
111,UNDERGROUND_NAME_419,MT20,122,-1,42,420,0,"1
1
0
-1
0"
112,UNDERGROUND_NAME_420,MT21,122,-1,42,420,0,"1
1
0
-1
0"
113,UNDERGROUND_NAME_421,MT22,122,-1,42,420,0,"1
1
0
-1
0"
114,UNDERGROUND_NAME_422,MT23,122,-1,42,420,0,"1
1
0
-1
0"
115,UNDERGROUND_NAME_423,MT24,122,-1,42,420,0,"1
1
0
-1
0"
116,UNDERGROUND_NAME_424,MT25,122,-1,42,420,0,"1
1
0
-1
0"
117,UNDERGROUND_NAME_425,MT26,122,-1,42,420,0,"1
1
0
-1
0"
118,UNDERGROUND_NAME_426,MT27,122,-1,42,420,0,"1
1
0
-1
0"
119,UNDERGROUND_NAME_427,MT28,122,-1,42,420,0,"1
1
0
-1
0"
120,UNDERGROUND_NAME_428,MT29,122,-1,42,420,0,"1
1
0
-1
0"
121,UNDERGROUND_NAME_429,MT30,122,-1,42,420,0,"1
1
0
-1
0"
122,UNDERGROUND_NAME_430,MT31,122,-1,42,420,0,"1
1
0
-1
0"
123,UNDERGROUND_NAME_431,MT32,122,-1,42,420,0,"1
1
0
-1
0"
124,UNDERGROUND_NAME_432,MT33,122,-1,42,420,0,"1
1
0
-1
0"
125,UNDERGROUND_NAME_433,MT34,122,-1,42,420,0,"1
1
0
-1
0"
126,UNDERGROUND_NAME_434,MT35,122,-1,42,420,0,"1
1
0
-1
0"
127,UNDERGROUND_NAME_435,MT36,122,-1,42,420,0,"1
1
0
-1
0"
128,UNDERGROUND_NAME_436,MT37,122,-1,42,420,0,"1
1
0
-1
0"
129,UNDERGROUND_NAME_437,MT38,122,-1,42,420,0,"1
1
0
-1
0"
130,UNDERGROUND_NAME_438,MT39,122,-1,42,420,0,"1
1
0
-1
0"
131,UNDERGROUND_NAME_439,MT40,122,-1,42,420,0,"1
1
0
-1
0"
132,UNDERGROUND_NAME_440,MT41,122,-1,42,420,0,"1
1
0
-1
0"
133,UNDERGROUND_NAME_441,MT42,122,-1,42,420,0,"1
1
0
-1
0"
134,UNDERGROUND_NAME_442,MT43,122,-1,42,420,0,"1
1
0
-1
0"
135,UNDERGROUND_NAME_443,MT44,122,-1,42,420,0,"1
1
0
-1
0"
136,UNDERGROUND_NAME_444,MT45,122,-1,42,420,0,"1
1
0
-1
0"
137,UNDERGROUND_NAME_445,MT46,122,-1,42,420,0,"1
1
0
-1
0"
138,UNDERGROUND_NAME_446,MT47,122,-1,42,420,0,"1
1
0
-1
0"
139,UNDERGROUND_NAME_447,MT48,122,-1,42,420,0,"1
1
0
-1
0"
140,UNDERGROUND_NAME_448,MT49,122,-1,42,420,0,"1
1
0
-1
0"
141,UNDERGROUND_NAME_449,MT50,122,-1,42,420,0,"1
1
0
-1
0"
142,UNDERGROUND_NAME_450,MT51,122,-1,42,420,0,"1
1
0
-1
0"
143,UNDERGROUND_NAME_451,MT52,122,-1,42,420,0,"1
1
0
-1
0"
144,UNDERGROUND_NAME_452,MT53,122,-1,42,420,0,"1
1
0
-1
0"
145,UNDERGROUND_NAME_453,MT54,122,-1,42,420,0,"1
1
0
-1
0"
146,UNDERGROUND_NAME_454,MT55,122,-1,42,420,0,"1
1
0
-1
0"
147,UNDERGROUND_NAME_455,MT56,122,-1,42,420,0,"1
1
0
-1
0"
148,UNDERGROUND_NAME_456,MT57,122,-1,42,420,0,"1
1
0
-1
0"
149,UNDERGROUND_NAME_457,MT58,122,-1,42,420,0,"1
1
0
-1
0"
150,UNDERGROUND_NAME_458,MT59,122,-1,42,420,0,"1
1
0
-1
0"
151,UNDERGROUND_NAME_459,MT60,122,-1,42,420,0,"1
1
0
-1
0"
152,UNDERGROUND_NAME_460,MT61,122,-1,42,420,0,"1
1
0
-1
0"
153,UNDERGROUND_NAME_461,MT62,122,-1,42,420,0,"1
1
0
-1
0"
154,UNDERGROUND_NAME_462,MT63,122,-1,42,420,0,"1
1
0
-1
0"
155,UNDERGROUND_NAME_463,MT64,122,-1,42,420,0,"1
1
0
-1
0"
156,UNDERGROUND_NAME_464,MT65,122,-1,42,420,0,"1
1
0
-1
0"
157,UNDERGROUND_NAME_465,MT66,122,-1,42,420,0,"1
1
0
-1
0"
158,UNDERGROUND_NAME_466,MT67,122,-1,42,420,0,"1
1
0
-1
0"
159,UNDERGROUND_NAME_467,MT68,122,-1,42,420,0,"1
1
0
-1
0"
160,UNDERGROUND_NAME_468,MT69,122,-1,42,420,0,"1
1
0
-1
0"
161,UNDERGROUND_NAME_469,MT70,122,-1,42,420,0,"1
1
0
-1
0"
162,UNDERGROUND_NAME_470,MT71,122,-1,42,420,0,"1
1
0
-1
0"
163,UNDERGROUND_NAME_471,MT72,122,-1,42,420,0,"1
1
0
-1
0"
164,UNDERGROUND_NAME_472,MT73,122,-1,42,420,0,"1
1
0
-1
0"
165,UNDERGROUND_NAME_473,MT74,122,-1,42,420,0,"1
1
0
-1
0"
166,UNDERGROUND_NAME_474,MT75,122,-1,42,420,0,"1
1
0
-1
0"
167,UNDERGROUND_NAME_475,MT76,122,-1,42,420,0,"1
1
0
-1
0"
168,UNDERGROUND_NAME_476,MT77,122,-1,42,420,0,"1
1
0
-1
0"
169,UNDERGROUND_NAME_477,MT78,122,-1,42,420,0,"1
1
0
-1
0"
170,UNDERGROUND_NAME_478,MT79,122,-1,42,420,0,"1
1
0
-1
0"
171,UNDERGROUND_NAME_479,MT80,122,-1,42,420,0,"1
1
0
-1
0"
172,UNDERGROUND_NAME_480,MT81,122,-1,42,420,0,"1
1
0
-1
0"
173,UNDERGROUND_NAME_481,MT82,122,-1,42,420,0,"1
1
0
-1
0"
174,UNDERGROUND_NAME_482,MT83,122,-1,42,420,0,"1
1
0
-1
0"
175,UNDERGROUND_NAME_483,MT84,122,-1,42,420,0,"1
1
0
-1
0"
176,UNDERGROUND_NAME_484,MT85,122,-1,42,420,0,"1
1
0
-1
0"
177,UNDERGROUND_NAME_485,MT86,122,-1,42,420,0,"1
1
0
-1
0"
178,UNDERGROUND_NAME_486,MT87,122,-1,42,420,0,"1
1
0
-1
0"
179,UNDERGROUND_NAME_487,MT88,122,-1,42,420,0,"1
1
0
-1
0"
180,UNDERGROUND_NAME_488,MT89,122,-1,42,420,0,"1
1
0
-1
0"
181,UNDERGROUND_NAME_489,MT90,122,-1,42,420,0,"1
1
0
-1
0"
182,UNDERGROUND_NAME_490,MT91,122,-1,42,420,0,"1
1
0
-1
0"
183,UNDERGROUND_NAME_491,MT92,122,-1,42,420,0,"1
1
0
-1
0"
184,UNDERGROUND_NAME_492,Statue di Bulbasaur,129,-1,42,588,0,"1
0
0
-1
0"
185,UNDERGROUND_NAME_493,Statue di Ivysaur,129,-1,42,588,0,"1
0
0
-1
0"
186,UNDERGROUND_NAME_494,Statue di Venusaur,129,-1,42,588,0,"1
0
0
-1
0"
187,UNDERGROUND_NAME_495,Statue di Charmander,129,-1,42,588,0,"1
0
0
-1
0"
188,UNDERGROUND_NAME_496,Statue di Charmeleon,129,-1,42,588,0,"1
0
0
-1
0"
189,UNDERGROUND_NAME_497,Statue di Charizard,129,-1,42,588,0,"1
0
0
-1
0"
190,UNDERGROUND_NAME_498,Statue di Squirtle,129,-1,42,588,0,"1
0
0
-1
0"
191,UNDERGROUND_NAME_499,Statue di Wartortle,129,-1,42,588,0,"1
0
0
-1
0"
192,UNDERGROUND_NAME_500,Statue di Blastoise,129,-1,42,588,0,"1
0
0
-1
0"
193,UNDERGROUND_NAME_501,Statue di Pikachu,129,-1,42,588,0,"1
0
0
-1
0"
194,UNDERGROUND_NAME_502,Statue di Nidoqueen,129,-1,42,588,0,"1
0
0
-1
0"
195,UNDERGROUND_NAME_503,Statue di Nidoking,129,-1,42,588,0,"1
0
0
-1
0"
196,UNDERGROUND_NAME_504,Statue di Clefairy,129,-1,42,588,0,"1
0
0
-1
0"
197,UNDERGROUND_NAME_505,Statue di Vulpix,129,-1,42,588,0,"1
0
0
-1
0"
198,UNDERGROUND_NAME_506,Statue di Jigglypuff,129,-1,42,588,0,"1
0
0
-1
0"
199,UNDERGROUND_NAME_507,Statue di Oddish,129,-1,42,588,0,"1
0
0
-1
0"
200,UNDERGROUND_NAME_508,Statue di Meowth,129,-1,42,588,0,"1
0
0
-1
0"
201,UNDERGROUND_NAME_509,Statue di Psyduck,129,-1,42,588,0,"1
0
0
-1
0"
202,UNDERGROUND_NAME_510,Statue di Arcanine,129,-1,42,588,0,"1
0
0
-1
0"
203,UNDERGROUND_NAME_511,Statue di Poliwrath,129,-1,42,588,0,"1
0
0
-1
0"
204,UNDERGROUND_NAME_512,Statue di Alakazam,129,-1,42,588,0,"1
0
0
-1
0"
205,UNDERGROUND_NAME_513,Statue di Machamp,129,-1,42,588,0,"1
0
0
-1
0"
206,UNDERGROUND_NAME_514,Statue di Tentacruel,129,-1,42,588,0,"1
0
0
-1
0"
207,UNDERGROUND_NAME_515,Statue di Geodude,129,-1,42,588,0,"1
0
0
-1
0"
208,UNDERGROUND_NAME_516,Statue di Rapidash,129,-1,42,588,0,"1
0
0
-1
0"
209,UNDERGROUND_NAME_517,Statue di Slowpoke,129,-1,42,588,0,"1
0
0
-1
0"
210,UNDERGROUND_NAME_518,Statue di Farfetch’d,129,-1,42,588,0,"1
0
0
-1
0"
211,UNDERGROUND_NAME_519,Statue di Gengar,129,-1,42,588,0,"1
0
0
-1
0"
212,UNDERGROUND_NAME_520,Statue di Cubone,129,-1,42,588,0,"1
0
0
-1
0"
213,UNDERGROUND_NAME_521,Statue di Lickitung,129,-1,42,588,0,"1
0
0
-1
0"
214,UNDERGROUND_NAME_522,Statue di Weezing,129,-1,42,588,0,"1
0
0
-1
0"
215,UNDERGROUND_NAME_523,Statue di Chansey,129,-1,42,588,0,"1
0
0
-1
0"
216,UNDERGROUND_NAME_524,Statue di Kangaskhan,129,-1,42,588,0,"1
0
0
-1
0"
217,UNDERGROUND_NAME_525,Statue di Seaking,129,-1,42,588,0,"1
0
0
-1
0"
218,UNDERGROUND_NAME_526,Statue di Mr. Mime,129,-1,42,588,0,"1
0
0
-1
0"
219,UNDERGROUND_NAME_527,Statue di Tauros,129,-1,42,588,0,"1
0
0
-1
0"
220,UNDERGROUND_NAME_528,Statue di Magikarp,129,-1,42,588,0,"1
0
0
-1
0"
221,UNDERGROUND_NAME_529,Statue di Gyarados,129,-1,42,588,0,"1
0
0
-1
0"
222,UNDERGROUND_NAME_530,Statue di Lapras,129,-1,42,588,0,"1
0
0
-1
0"
223,UNDERGROUND_NAME_531,Statue di Ditto,129,-1,42,588,0,"1
0
0
-1
0"
224,UNDERGROUND_NAME_532,Statue di Eevee,129,-1,42,588,0,"1
0
0
-1
0"
225,UNDERGROUND_NAME_533,Statue di Vaporeon,129,-1,42,588,0,"1
0
0
-1
0"
226,UNDERGROUND_NAME_534,Statue di Jolteon,129,-1,42,588,0,"1
0
0
-1
0"
227,UNDERGROUND_NAME_535,Statue di Flareon,129,-1,42,588,0,"1
0
0
-1
0"
228,UNDERGROUND_NAME_536,Statue di Porygon,129,-1,42,588,0,"1
0
0
-1
0"
229,UNDERGROUND_NAME_537,Statue di Omastar,129,-1,42,588,0,"1
0
0
-1
0"
230,UNDERGROUND_NAME_538,Statue di Snorlax,129,-1,42,588,0,"1
0
0
-1
0"
231,UNDERGROUND_NAME_539,Statue di Dragonite,129,-1,42,588,0,"1
0
0
-1
0"
232,UNDERGROUND_NAME_540,Statue di Chikorita,129,-1,42,588,0,"1
0
0
-1
0"
233,UNDERGROUND_NAME_541,Statue di Bayleef,129,-1,42,588,0,"1
0
0
-1
0"
234,UNDERGROUND_NAME_542,Statue di Meganium,129,-1,42,588,0,"1
0
0
-1
0"
235,UNDERGROUND_NAME_543,Statue di Cyndaquil,129,-1,42,588,0,"1
0
0
-1
0"
236,UNDERGROUND_NAME_544,Statue di Quilava,129,-1,42,588,0,"1
0
0
-1
0"
237,UNDERGROUND_NAME_545,Statue di Typhlosion,129,-1,42,588,0,"1
0
0
-1
0"
238,UNDERGROUND_NAME_546,Statue di Totodile,129,-1,42,588,0,"1
0
0
-1
0"
239,UNDERGROUND_NAME_547,Statue di Croconaw,129,-1,42,588,0,"1
0
0
-1
0"
240,UNDERGROUND_NAME_548,Statue di Feraligatr,129,-1,42,588,0,"1
0
0
-1
0"
241,UNDERGROUND_NAME_549,Statue di Furret,129,-1,42,588,0,"1
0
0
-1
0"
242,UNDERGROUND_NAME_550,Statue di Noctowl,129,-1,42,588,0,"1
0
0
-1
0"
243,UNDERGROUND_NAME_551,Statue di Crobat,129,-1,42,588,0,"1
0
0
-1
0"
244,UNDERGROUND_NAME_552,Statue di Togepi,129,-1,42,588,0,"1
0
0
-1
0"
245,UNDERGROUND_NAME_553,Statue di Ampharos,129,-1,42,588,0,"1
0
0
-1
0"
246,UNDERGROUND_NAME_554,Statue di Bellossom,129,-1,42,588,0,"1
0
0
-1
0"
247,UNDERGROUND_NAME_555,Statue di Marill,129,-1,42,588,0,"1
0
0
-1
0"
248,UNDERGROUND_NAME_556,Statue di Sudowoodo,129,-1,42,588,0,"1
0
0
-1
0"
249,UNDERGROUND_NAME_557,Statue di Aipom,129,-1,42,588,0,"1
0
0
-1
0"
250,UNDERGROUND_NAME_558,Statue di Sunkern,129,-1,42,588,0,"1
0
0
-1
0"
251,UNDERGROUND_NAME_559,Statue di Quagsire,129,-1,42,588,0,"1
0
0
-1
0"
252,UNDERGROUND_NAME_560,Statue di Espeon,129,-1,42,588,0,"1
0
0
-1
0"
253,UNDERGROUND_NAME_561,Statue di Umbreon,129,-1,42,588,0,"1
0
0
-1
0"
254,UNDERGROUND_NAME_562,Statue di Murkrow,129,-1,42,588,0,"1
0
0
-1
0"
255,UNDERGROUND_NAME_563,Statue di Unown,129,-1,42,588,0,"1
0
0
-1
0"
256,UNDERGROUND_NAME_564,Statue di Wobbuffet,129,-1,42,588,0,"1
0
0
-1
0"
257,UNDERGROUND_NAME_565,Statue di Girafarig,129,-1,42,588,0,"1
0
0
-1
0"
258,UNDERGROUND_NAME_566,Statue di Dunsparce,129,-1,42,588,0,"1
0
0
-1
0"
259,UNDERGROUND_NAME_567,Statue di Steelix,129,-1,42,588,0,"1
0
0
-1
0"
260,UNDERGROUND_NAME_568,Statue di Snubbull,129,-1,42,588,0,"1
0
0
-1
0"
261,UNDERGROUND_NAME_569,Statue di Scizor,129,-1,42,588,0,"1
0
0
-1
0"
262,UNDERGROUND_NAME_570,Statue di Heracross,129,-1,42,588,0,"1
0
0
-1
0"
263,UNDERGROUND_NAME_571,Statue di Magcargo,129,-1,42,588,0,"1
0
0
-1
0"
264,UNDERGROUND_NAME_572,Statue di Octillery,129,-1,42,588,0,"1
0
0
-1
0"
265,UNDERGROUND_NAME_573,Statue di Mantine,129,-1,42,588,0,"1
0
0
-1
0"
266,UNDERGROUND_NAME_574,Statue di Smeargle,129,-1,42,588,0,"1
0
0
-1
0"
267,UNDERGROUND_NAME_575,Statue di Miltank,129,-1,42,588,0,"1
0
0
-1
0"
268,UNDERGROUND_NAME_576,Statue di Tyranitar,129,-1,42,588,0,"1
0
0
-1
0"
269,UNDERGROUND_NAME_577,Statue di Treecko,129,-1,42,588,0,"1
0
0
-1
0"
270,UNDERGROUND_NAME_578,Statue di Grovyle,129,-1,42,588,0,"1
0
0
-1
0"
271,UNDERGROUND_NAME_579,Statue di Sceptile,129,-1,42,588,0,"1
0
0
-1
0"
272,UNDERGROUND_NAME_580,Statue di Torchic,129,-1,42,588,0,"1
0
0
-1
0"
273,UNDERGROUND_NAME_581,Statue di Combusken,129,-1,42,588,0,"1
0
0
-1
0"
274,UNDERGROUND_NAME_582,Statue di Blaziken,129,-1,42,588,0,"1
0
0
-1
0"
275,UNDERGROUND_NAME_583,Statue di Mudkip,129,-1,42,588,0,"1
0
0
-1
0"
276,UNDERGROUND_NAME_584,Statue di Marshtomp,129,-1,42,588,0,"1
0
0
-1
0"
277,UNDERGROUND_NAME_585,Statue di Swampert,129,-1,42,588,0,"1
0
0
-1
0"
278,UNDERGROUND_NAME_586,Statue di Beautifly,129,-1,42,588,0,"1
0
0
-1
0"
279,UNDERGROUND_NAME_587,Statue di Dustox,129,-1,42,588,0,"1
0
0
-1
0"
280,UNDERGROUND_NAME_588,Statue di Ludicolo,129,-1,42,588,0,"1
0
0
-1
0"
281,UNDERGROUND_NAME_589,Statue di Pelipper,129,-1,42,588,0,"1
0
0
-1
0"
282,UNDERGROUND_NAME_590,Statue di Gardevoir,129,-1,42,588,0,"1
0
0
-1
0"
283,UNDERGROUND_NAME_591,Statue di Shroomish,129,-1,42,588,0,"1
0
0
-1
0"
284,UNDERGROUND_NAME_592,Statue di Slaking,129,-1,42,588,0,"1
0
0
-1
0"
285,UNDERGROUND_NAME_593,Statue di Ninjask,129,-1,42,588,0,"1
0
0
-1
0"
286,UNDERGROUND_NAME_594,Statue di Exploud,129,-1,42,588,0,"1
0
0
-1
0"
287,UNDERGROUND_NAME_595,Statue di Skitty,129,-1,42,588,0,"1
0
0
-1
0"
288,UNDERGROUND_NAME_596,Statue di Sableye,129,-1,42,588,0,"1
0
0
-1
0"
289,UNDERGROUND_NAME_597,Statue di Mawile,129,-1,42,588,0,"1
0
0
-1
0"
290,UNDERGROUND_NAME_598,Statue di Aggron,129,-1,42,588,0,"1
0
0
-1
0"
291,UNDERGROUND_NAME_599,Statue di Medicham,129,-1,42,588,0,"1
0
0
-1
0"
292,UNDERGROUND_NAME_600,Statue di Manectric,129,-1,42,588,0,"1
0
0
-1
0"
293,UNDERGROUND_NAME_601,Statue di Plusle,129,-1,42,588,0,"1
0
0
-1
0"
294,UNDERGROUND_NAME_602,Statue di Minun,129,-1,42,588,0,"1
0
0
-1
0"
295,UNDERGROUND_NAME_603,Statue di Volbeat,129,-1,42,588,0,"1
0
0
-1
0"
296,UNDERGROUND_NAME_604,Statue di Illumise,129,-1,42,588,0,"1
0
0
-1
0"
297,UNDERGROUND_NAME_605,Statue di Roselia,129,-1,42,588,0,"1
0
0
-1
0"
298,UNDERGROUND_NAME_606,Statue di Sharpedo,129,-1,42,588,0,"1
0
0
-1
0"
299,UNDERGROUND_NAME_607,Statue di Wailmer,129,-1,42,588,0,"1
0
0
-1
0"
300,UNDERGROUND_NAME_608,Statue di Camerupt,129,-1,42,588,0,"1
0
0
-1
0"
301,UNDERGROUND_NAME_609,Statue di Torkoal,129,-1,42,588,0,"1
0
0
-1
0"
302,UNDERGROUND_NAME_610,Statue di Spinda,129,-1,42,588,0,"1
0
0
-1
0"
303,UNDERGROUND_NAME_611,Statue di Flygon,129,-1,42,588,0,"1
0
0
-1
0"
304,UNDERGROUND_NAME_612,Statue di Cacturne,129,-1,42,588,0,"1
0
0
-1
0"
305,UNDERGROUND_NAME_613,Statue di Altaria,129,-1,42,588,0,"1
0
0
-1
0"
306,UNDERGROUND_NAME_614,Statue di Zangoose,129,-1,42,588,0,"1
0
0
-1
0"
307,UNDERGROUND_NAME_615,Statue di Seviper,129,-1,42,588,0,"1
0
0
-1
0"
308,UNDERGROUND_NAME_616,Statue di Lunatone,129,-1,42,588,0,"1
0
0
-1
0"
309,UNDERGROUND_NAME_617,Statue di Solrock,129,-1,42,588,0,"1
0
0
-1
0"
310,UNDERGROUND_NAME_618,Statue di Whiscash,129,-1,42,588,0,"1
0
0
-1
0"
311,UNDERGROUND_NAME_619,Statue di Claydol,129,-1,42,588,0,"1
0
0
-1
0"
312,UNDERGROUND_NAME_620,Statue di Cradily,129,-1,42,588,0,"1
0
0
-1
0"
313,UNDERGROUND_NAME_621,Statue di Milotic,129,-1,42,588,0,"1
0
0
-1
0"
314,UNDERGROUND_NAME_622,Statue di Castform,129,-1,42,588,0,"1
0
0
-1
0"
315,UNDERGROUND_NAME_623,Statue di Kecleon,129,-1,42,588,0,"1
0
0
-1
0"
316,UNDERGROUND_NAME_624,Statue di Tropius,129,-1,42,588,0,"1
0
0
-1
0"
317,UNDERGROUND_NAME_625,Statue di Chimecho,129,-1,42,588,0,"1
0
0
-1
0"
318,UNDERGROUND_NAME_626,Statue di Absol,129,-1,42,588,0,"1
0
0
-1
0"
319,UNDERGROUND_NAME_627,Statue di Spheal,129,-1,42,588,0,"1
0
0
-1
0"
320,UNDERGROUND_NAME_628,Statue di Clamperl,129,-1,42,588,0,"1
0
0
-1
0"
321,UNDERGROUND_NAME_629,Statue di Relicanth,129,-1,42,588,0,"1
0
0
-1
0"
322,UNDERGROUND_NAME_630,Statue di Luvdisc,129,-1,42,588,0,"1
0
0
-1
0"
323,UNDERGROUND_NAME_631,Statue di Salamence,129,-1,42,588,0,"1
0
0
-1
0"
324,UNDERGROUND_NAME_632,Statue di Metagross,129,-1,42,588,0,"1
0
0
-1
0"
325,UNDERGROUND_NAME_633,Statue di Turtwig,129,-1,42,588,0,"1
0
0
-1
0"
326,UNDERGROUND_NAME_634,Statue di Grotle,129,-1,42,588,0,"1
0
0
-1
0"
327,UNDERGROUND_NAME_635,Statue di Torterra,129,-1,42,588,0,"1
0
0
-1
0"
328,UNDERGROUND_NAME_636,Statue di Chimchar,129,-1,42,588,0,"1
0
0
-1
0"
329,UNDERGROUND_NAME_637,Statue di Monferno,129,-1,42,588,0,"1
0
0
-1
0"
330,UNDERGROUND_NAME_638,Statue di Infernape,129,-1,42,588,0,"1
0
0
-1
0"
331,UNDERGROUND_NAME_639,Statue di Piplup,129,-1,42,588,0,"1
0
0
-1
0"
332,UNDERGROUND_NAME_640,Statue di Prinplup,129,-1,42,588,0,"1
0
0
-1
0"
333,UNDERGROUND_NAME_641,Statue di Empoleon,129,-1,42,588,0,"1
0
0
-1
0"
334,UNDERGROUND_NAME_642,Statue di Staraptor,129,-1,42,588,0,"1
0
0
-1
0"
335,UNDERGROUND_NAME_643,Statue di Bibarel,129,-1,42,588,0,"1
0
0
-1
0"
336,UNDERGROUND_NAME_644,Statue di Kricketot,129,-1,42,588,0,"1
0
0
-1
0"
337,UNDERGROUND_NAME_645,Statue di Luxray,129,-1,42,588,0,"1
0
0
-1
0"
338,UNDERGROUND_NAME_646,Statue di Budew,129,-1,42,588,0,"1
0
0
-1
0"
339,UNDERGROUND_NAME_647,Statue di Roserade,129,-1,42,588,0,"1
0
0
-1
0"
340,UNDERGROUND_NAME_648,Statue di Cranidos,129,-1,42,588,0,"1
0
0
-1
0"
341,UNDERGROUND_NAME_649,Statue di Bastiodon,129,-1,42,588,0,"1
0
0
-1
0"
342,UNDERGROUND_NAME_650,Statue di Burmy,129,-1,42,588,0,"1
0
0
-1
0"
343,UNDERGROUND_NAME_651,Statue di Wormadam,129,-1,42,588,0,"1
0
0
-1
0"
344,UNDERGROUND_NAME_652,Statue di Mothim,129,-1,42,588,0,"1
0
0
-1
0"
345,UNDERGROUND_NAME_653,Statue di Vespiquen,129,-1,42,588,0,"1
0
0
-1
0"
346,UNDERGROUND_NAME_654,Statue di Pachirisu,129,-1,42,588,0,"1
0
0
-1
0"
347,UNDERGROUND_NAME_655,Statue di Floatzel,129,-1,42,588,0,"1
0
0
-1
0"
348,UNDERGROUND_NAME_656,Statue di Cherubi,129,-1,42,588,0,"1
0
0
-1
0"
349,UNDERGROUND_NAME_657,Statue di Gastrodon,129,-1,42,588,0,"1
0
0
-1
0"
350,UNDERGROUND_NAME_658,Statue di Ambipom,129,-1,42,588,0,"1
0
0
-1
0"
351,UNDERGROUND_NAME_659,Statue di Drifloon,129,-1,42,588,0,"1
0
0
-1
0"
352,UNDERGROUND_NAME_660,Statue di Buneary,129,-1,42,588,0,"1
0
0
-1
0"
353,UNDERGROUND_NAME_661,Statue di Mismagius,129,-1,42,588,0,"1
0
0
-1
0"
354,UNDERGROUND_NAME_662,Statue di Honchkrow,129,-1,42,588,0,"1
0
0
-1
0"
355,UNDERGROUND_NAME_663,Statue di Purugly,129,-1,42,588,0,"1
0
0
-1
0"
356,UNDERGROUND_NAME_664,Statue di Skuntank,129,-1,42,588,0,"1
0
0
-1
0"
357,UNDERGROUND_NAME_665,Statue di Bronzong,129,-1,42,588,0,"1
0
0
-1
0"
358,UNDERGROUND_NAME_666,Statue di Happiny,129,-1,42,588,0,"1
0
0
-1
0"
359,UNDERGROUND_NAME_667,Statue di Chatot,129,-1,42,588,0,"1
0
0
-1
0"
360,UNDERGROUND_NAME_668,Statue di Spiritomb,129,-1,42,588,0,"1
0
0
-1
0"
361,UNDERGROUND_NAME_669,Statue di Garchomp,129,-1,42,588,0,"1
0
0
-1
0"
362,UNDERGROUND_NAME_670,Statue di Lucario,129,-1,42,588,0,"1
0
0
-1
0"
363,UNDERGROUND_NAME_671,Statue di Hippowdon,129,-1,42,588,0,"1
0
0
-1
0"
364,UNDERGROUND_NAME_672,Statue di Drapion,129,-1,42,588,0,"1
0
0
-1
0"
365,UNDERGROUND_NAME_673,Statue di Croagunk,129,-1,42,588,0,"1
0
0
-1
0"
366,UNDERGROUND_NAME_674,Statue di Carnivine,129,-1,42,588,0,"1
0
0
-1
0"
367,UNDERGROUND_NAME_675,Statue di Lumineon,129,-1,42,588,0,"1
0
0
-1
0"
368,UNDERGROUND_NAME_676,Statue di Abomasnow,129,-1,42,588,0,"1
0
0
-1
0"
369,UNDERGROUND_NAME_677,Statue di Weavile,129,-1,42,588,0,"1
0
0
-1
0"
370,UNDERGROUND_NAME_678,Statue di Magnezone,129,-1,42,588,0,"1
0
0
-1
0"
371,UNDERGROUND_NAME_679,Statue di Rhyperior,129,-1,42,588,0,"1
0
0
-1
0"
372,UNDERGROUND_NAME_680,Statue di Tangrowth,129,-1,42,588,0,"1
0
0
-1
0"
373,UNDERGROUND_NAME_681,Statue di Electivire,129,-1,42,588,0,"1
0
0
-1
0"
374,UNDERGROUND_NAME_682,Statue di Magmortar,129,-1,42,588,0,"1
0
0
-1
0"
375,UNDERGROUND_NAME_683,Statue di Togekiss,129,-1,42,588,0,"1
0
0
-1
0"
376,UNDERGROUND_NAME_684,Statue di Yanmega,129,-1,42,588,0,"1
0
0
-1
0"
377,UNDERGROUND_NAME_685,Statue di Leafeon,129,-1,42,588,0,"1
0
0
-1
0"
378,UNDERGROUND_NAME_686,Statue di Glaceon,129,-1,42,588,0,"1
0
0
-1
0"
379,UNDERGROUND_NAME_687,Statue di Gliscor,129,-1,42,588,0,"1
0
0
-1
0"
380,UNDERGROUND_NAME_688,Statue di Mamoswine,129,-1,42,588,0,"1
0
0
-1
0"
381,UNDERGROUND_NAME_689,Statue di Porygon-Z,129,-1,42,588,0,"1
0
0
-1
0"
382,UNDERGROUND_NAME_690,Statue di Gallade,129,-1,42,588,0,"1
0
0
-1
0"
383,UNDERGROUND_NAME_691,Statue di Probopass,129,-1,42,588,0,"1
0
0
-1
0"
384,UNDERGROUND_NAME_692,Statue di Dusknoir,129,-1,42,588,0,"1
0
0
-1
0"
385,UNDERGROUND_NAME_693,Statue di Froslass,129,-1,42,588,0,"1
0
0
-1
0"
386,UNDERGROUND_NAME_694,Statue di Rotom,129,-1,42,588,0,"1
0
0
-1
0"
387,UNDERGROUND_NAME_695,Statue di Rotom,129,-1,42,588,0,"1
0
0
-1
0"
388,UNDERGROUND_NAME_696,Statue di Rotom,129,-1,42,588,0,"1
0
0
-1
0"
389,UNDERGROUND_NAME_697,Statue di Rotom,129,-1,42,588,0,"1
0
0
-1
0"
390,UNDERGROUND_NAME_698,Statue di Rotom,129,-1,42,588,0,"1
0
0
-1
0"
391,UNDERGROUND_NAME_699,Statue di Rotom,129,-1,42,588,0,"1
0
0
-1
0"
392,UNDERGROUND_NAME_700,Statue di Articuno,129,-1,42,588,0,"1
0
0
-1
0"
393,UNDERGROUND_NAME_701,Statue di Zapdos,129,-1,42,588,0,"1
0
0
-1
0"
394,UNDERGROUND_NAME_702,Statue di Moltres,129,-1,42,588,0,"1
0
0
-1
0"
395,UNDERGROUND_NAME_703,Statue di Mewtwo,129,-1,42,588,0,"1
0
0
-1
0"
396,UNDERGROUND_NAME_704,Statue di Raikou,129,-1,42,588,0,"1
0
0
-1
0"
397,UNDERGROUND_NAME_705,Statue di Entei,129,-1,42,588,0,"1
0
0
-1
0"
398,UNDERGROUND_NAME_706,Statue di Suicune,129,-1,42,588,0,"1
0
0
-1
0"
399,UNDERGROUND_NAME_707,Statue di Lugia,129,-1,42,588,0,"1
0
0
-1
0"
400,UNDERGROUND_NAME_708,Statue di Ho-Oh,129,-1,42,588,0,"1
0
0
-1
0"
401,UNDERGROUND_NAME_709,Statue di Regirock,129,-1,42,588,0,"1
0
0
-1
0"
402,UNDERGROUND_NAME_710,Statue di Regice,129,-1,42,588,0,"1
0
0
-1
0"
403,UNDERGROUND_NAME_711,Statue di Registeel,129,-1,42,588,0,"1
0
0
-1
0"
404,UNDERGROUND_NAME_712,Statue di Latias,129,-1,42,588,0,"1
0
0
-1
0"
405,UNDERGROUND_NAME_713,Statue di Latios,129,-1,42,588,0,"1
0
0
-1
0"
406,UNDERGROUND_NAME_714,Statue di Kyogre,129,-1,42,588,0,"1
0
0
-1
0"
407,UNDERGROUND_NAME_715,Statue di Groudon,129,-1,42,588,0,"1
0
0
-1
0"
408,UNDERGROUND_NAME_716,Statue di Rayquaza,129,-1,42,588,0,"1
0
0
-1
0"
470,UNDERGROUND_NAME_955,Statue di Bulbasaur ,129,-1,42,588,0,"1
0
0
-1
0"
471,UNDERGROUND_NAME_956,Statue di Ivysaur ,129,-1,42,588,0,"1
0
0
-1
0"
472,UNDERGROUND_NAME_957,Statue di Venusaur ,129,-1,42,588,0,"1
0
0
-1
0"
473,UNDERGROUND_NAME_958,Statue di Charmander ,129,-1,42,588,0,"1
0
0
-1
0"
474,UNDERGROUND_NAME_959,Statue di Charmeleon ,129,-1,42,588,0,"1
0
0
-1
0"
475,UNDERGROUND_NAME_960,Statue di Charizard ,129,-1,42,588,0,"1
0
0
-1
0"
476,UNDERGROUND_NAME_961,Statue di Squirtle ,129,-1,42,588,0,"1
0
0
-1
0"
477,UNDERGROUND_NAME_962,Statue di Wartortle ,129,-1,42,588,0,"1
0
0
-1
0"
478,UNDERGROUND_NAME_963,Statue di Blastoise ,129,-1,42,588,0,"1
0
0
-1
0"
443,UNDERGROUND_NAME_751,Statue di Pikachu ,129,-1,42,588,0,"1
0
0
-1
0"
479,UNDERGROUND_NAME_964,Statue di Nidoqueen ,129,-1,42,588,0,"1
0
0
-1
0"
480,UNDERGROUND_NAME_965,Statue di Nidoking ,129,-1,42,588,0,"1
0
0
-1
0"
444,UNDERGROUND_NAME_752,Statue di Clefairy ,129,-1,42,588,0,"1
0
0
-1
0"
481,UNDERGROUND_NAME_966,Statue di Vulpix ,129,-1,42,588,0,"1
0
0
-1
0"
445,UNDERGROUND_NAME_753,Statue di Jigglypuff ,129,-1,42,588,0,"1
0
0
-1
0"
482,UNDERGROUND_NAME_967,Statue di Oddish ,129,-1,42,588,0,"1
0
0
-1
0"
483,UNDERGROUND_NAME_968,Statue di Meowth ,129,-1,42,588,0,"1
0
0
-1
0"
446,UNDERGROUND_NAME_754,Statue di Psyduck ,129,-1,42,588,0,"1
0
0
-1
0"
409,UNDERGROUND_NAME_717,Statue di Arcanine ,129,-1,42,588,0,"1
0
0
-1
0"
484,UNDERGROUND_NAME_969,Statue di Poliwrath ,129,-1,42,588,0,"1
0
0
-1
0"
410,UNDERGROUND_NAME_718,Statue di Alakazam ,129,-1,42,588,0,"1
0
0
-1
0"
411,UNDERGROUND_NAME_719,Statue di Machamp ,129,-1,42,588,0,"1
0
0
-1
0"
485,UNDERGROUND_NAME_970,Statue di Tentacruel ,129,-1,42,588,0,"1
0
0
-1
0"
486,UNDERGROUND_NAME_971,Statue di Geodude ,129,-1,42,588,0,"1
0
0
-1
0"
487,UNDERGROUND_NAME_972,Statue di Rapidash ,129,-1,42,588,0,"1
0
0
-1
0"
488,UNDERGROUND_NAME_973,Statue di Slowpoke ,129,-1,42,588,0,"1
0
0
-1
0"
489,UNDERGROUND_NAME_974,Statue di Farfetch’d ,129,-1,42,588,0,"1
0
0
-1
0"
412,UNDERGROUND_NAME_720,Statue di Gengar ,129,-1,42,588,0,"1
0
0
-1
0"
490,UNDERGROUND_NAME_975,Statue di Cubone ,129,-1,42,588,0,"1
0
0
-1
0"
491,UNDERGROUND_NAME_976,Statue di Lickitung ,129,-1,42,588,0,"1
0
0
-1
0"
413,UNDERGROUND_NAME_721,Statue di Weezing ,129,-1,42,588,0,"1
0
0
-1
0"
492,UNDERGROUND_NAME_977,Statue di Chansey ,129,-1,42,588,0,"1
0
0
-1
0"
493,UNDERGROUND_NAME_978,Statue di Kangaskhan ,129,-1,42,588,0,"1
0
0
-1
0"
494,UNDERGROUND_NAME_979,Statue di Seaking ,129,-1,42,588,0,"1
0
0
-1
0"
495,UNDERGROUND_NAME_980,Statue di Mr. Mime ,129,-1,42,588,0,"1
0
0
-1
0"
496,UNDERGROUND_NAME_981,Statue di Tauros ,129,-1,42,588,0,"1
0
0
-1
0"
497,UNDERGROUND_NAME_982,Statue di Magikarp ,129,-1,42,588,0,"1
0
0
-1
0"
414,UNDERGROUND_NAME_722,Statue di Gyarados ,129,-1,42,588,0,"1
0
0
-1
0"
498,UNDERGROUND_NAME_983,Statue di Lapras ,129,-1,42,588,0,"1
0
0
-1
0"
499,UNDERGROUND_NAME_984,Statue di Ditto ,129,-1,42,588,0,"1
0
0
-1
0"
447,UNDERGROUND_NAME_755,Statue di Eevee ,129,-1,42,588,0,"1
0
0
-1
0"
448,UNDERGROUND_NAME_756,Statue di Vaporeon ,129,-1,42,588,0,"1
0
0
-1
0"
449,UNDERGROUND_NAME_757,Statue di Jolteon ,129,-1,42,588,0,"1
0
0
-1
0"
450,UNDERGROUND_NAME_758,Statue di Flareon ,129,-1,42,588,0,"1
0
0
-1
0"
500,UNDERGROUND_NAME_985,Statue di Porygon ,129,-1,42,588,0,"1
0
0
-1
0"
415,UNDERGROUND_NAME_723,Statue di Omastar ,129,-1,42,588,0,"1
0
0
-1
0"
501,UNDERGROUND_NAME_986,Statue di Snorlax ,129,-1,42,588,0,"1
0
0
-1
0"
416,UNDERGROUND_NAME_724,Statue di Dragonite ,129,-1,42,588,0,"1
0
0
-1
0"
502,UNDERGROUND_NAME_987,Statue di Chikorita ,129,-1,42,588,0,"1
0
0
-1
0"
503,UNDERGROUND_NAME_988,Statue di Bayleef ,129,-1,42,588,0,"1
0
0
-1
0"
504,UNDERGROUND_NAME_989,Statue di Meganium ,129,-1,42,588,0,"1
0
0
-1
0"
505,UNDERGROUND_NAME_990,Statue di Cyndaquil ,129,-1,42,588,0,"1
0
0
-1
0"
506,UNDERGROUND_NAME_991,Statue di Quilava ,129,-1,42,588,0,"1
0
0
-1
0"
507,UNDERGROUND_NAME_992,Statue di Typhlosion ,129,-1,42,588,0,"1
0
0
-1
0"
508,UNDERGROUND_NAME_993,Statue di Totodile ,129,-1,42,588,0,"1
0
0
-1
0"
509,UNDERGROUND_NAME_994,Statue di Croconaw ,129,-1,42,588,0,"1
0
0
-1
0"
510,UNDERGROUND_NAME_995,Statue di Feraligatr ,129,-1,42,588,0,"1
0
0
-1
0"
511,UNDERGROUND_NAME_996,Statue di Furret ,129,-1,42,588,0,"1
0
0
-1
0"
512,UNDERGROUND_NAME_997,Statue di Noctowl ,129,-1,42,588,0,"1
0
0
-1
0"
513,UNDERGROUND_NAME_998,Statue di Crobat ,129,-1,42,588,0,"1
0
0
-1
0"
514,UNDERGROUND_NAME_999,Statue di Togepi ,129,-1,42,588,0,"1
0
0
-1
0"
417,UNDERGROUND_NAME_725,Statue di Ampharos ,129,-1,42,588,0,"1
0
0
-1
0"
515,UNDERGROUND_NAME_1000,Statue di Bellossom ,129,-1,42,588,0,"1
0
0
-1
0"
516,UNDERGROUND_NAME_1001,Statue di Marill ,129,-1,42,588,0,"1
0
0
-1
0"
517,UNDERGROUND_NAME_1002,Statue di Sudowoodo ,129,-1,42,588,0,"1
0
0
-1
0"
518,UNDERGROUND_NAME_1003,Statue di Aipom ,129,-1,42,588,0,"1
0
0
-1
0"
519,UNDERGROUND_NAME_1004,Statue di Sunkern ,129,-1,42,588,0,"1
0
0
-1
0"
520,UNDERGROUND_NAME_1005,Statue di Quagsire ,129,-1,42,588,0,"1
0
0
-1
0"
451,UNDERGROUND_NAME_759,Statue di Espeon ,129,-1,42,588,0,"1
0
0
-1
0"
452,UNDERGROUND_NAME_760,Statue di Umbreon ,129,-1,42,588,0,"1
0
0
-1
0"
521,UNDERGROUND_NAME_1006,Statue di Murkrow ,129,-1,42,588,0,"1
0
0
-1
0"
522,UNDERGROUND_NAME_1007,Statue di Unown ,129,-1,42,588,0,"1
0
0
-1
0"
523,UNDERGROUND_NAME_1008,Statue di Wobbuffet ,129,-1,42,588,0,"1
0
0
-1
0"
524,UNDERGROUND_NAME_1009,Statue di Girafarig ,129,-1,42,588,0,"1
0
0
-1
0"
525,UNDERGROUND_NAME_1010,Statue di Dunsparce ,129,-1,42,588,0,"1
0
0
-1
0"
526,UNDERGROUND_NAME_1011,Statue di Steelix ,129,-1,42,588,0,"1
0
0
-1
0"
527,UNDERGROUND_NAME_1012,Statue di Snubbull ,129,-1,42,588,0,"1
0
0
-1
0"
528,UNDERGROUND_NAME_1013,Statue di Scizor ,129,-1,42,588,0,"1
0
0
-1
0"
418,UNDERGROUND_NAME_726,Statue di Heracross ,129,-1,42,588,0,"1
0
0
-1
0"
529,UNDERGROUND_NAME_1014,Statue di Magcargo ,129,-1,42,588,0,"1
0
0
-1
0"
530,UNDERGROUND_NAME_1015,Statue di Octillery ,129,-1,42,588,0,"1
0
0
-1
0"
531,UNDERGROUND_NAME_1016,Statue di Mantine ,129,-1,42,588,0,"1
0
0
-1
0"
532,UNDERGROUND_NAME_1017,Statue di Smeargle ,129,-1,42,588,0,"1
0
0
-1
0"
533,UNDERGROUND_NAME_1018,Statue di Miltank ,129,-1,42,588,0,"1
0
0
-1
0"
419,UNDERGROUND_NAME_727,Statue di Tyranitar ,129,-1,42,588,0,"1
0
0
-1
0"
534,UNDERGROUND_NAME_1019,Statue di Treecko ,129,-1,42,588,0,"1
0
0
-1
0"
535,UNDERGROUND_NAME_1020,Statue di Grovyle ,129,-1,42,588,0,"1
0
0
-1
0"
536,UNDERGROUND_NAME_1021,Statue di Sceptile ,129,-1,42,588,0,"1
0
0
-1
0"
453,UNDERGROUND_NAME_761,Statue di Torchic ,129,-1,42,588,0,"1
0
0
-1
0"
537,UNDERGROUND_NAME_1022,Statue di Combusken ,129,-1,42,588,0,"1
0
0
-1
0"
538,UNDERGROUND_NAME_1023,Statue di Blaziken ,129,-1,42,588,0,"1
0
0
-1
0"
539,UNDERGROUND_NAME_1024,Statue di Mudkip ,129,-1,42,588,0,"1
0
0
-1
0"
540,UNDERGROUND_NAME_1025,Statue di Marshtomp ,129,-1,42,588,0,"1
0
0
-1
0"
541,UNDERGROUND_NAME_1026,Statue di Swampert ,129,-1,42,588,0,"1
0
0
-1
0"
542,UNDERGROUND_NAME_1027,Statue di Beautifly ,129,-1,42,588,0,"1
0
0
-1
0"
543,UNDERGROUND_NAME_1028,Statue di Dustox ,129,-1,42,588,0,"1
0
0
-1
0"
544,UNDERGROUND_NAME_1029,Statue di Ludicolo ,129,-1,42,588,0,"1
0
0
-1
0"
545,UNDERGROUND_NAME_1030,Statue di Pelipper ,129,-1,42,588,0,"1
0
0
-1
0"
546,UNDERGROUND_NAME_1031,Statue di Gardevoir ,129,-1,42,588,0,"1
0
0
-1
0"
454,UNDERGROUND_NAME_762,Statue di Shroomish ,129,-1,42,588,0,"1
0
0
-1
0"
420,UNDERGROUND_NAME_728,Statue di Slaking ,129,-1,42,588,0,"1
0
0
-1
0"
547,UNDERGROUND_NAME_1032,Statue di Ninjask ,129,-1,42,588,0,"1
0
0
-1
0"
548,UNDERGROUND_NAME_1033,Statue di Exploud ,129,-1,42,588,0,"1
0
0
-1
0"
455,UNDERGROUND_NAME_763,Statue di Skitty ,129,-1,42,588,0,"1
0
0
-1
0"
549,UNDERGROUND_NAME_1034,Statue di Sableye ,129,-1,42,588,0,"1
0
0
-1
0"
550,UNDERGROUND_NAME_1035,Statue di Mawile ,129,-1,42,588,0,"1
0
0
-1
0"
551,UNDERGROUND_NAME_1036,Statue di Aggron ,129,-1,42,588,0,"1
0
0
-1
0"
552,UNDERGROUND_NAME_1037,Statue di Medicham ,129,-1,42,588,0,"1
0
0
-1
0"
553,UNDERGROUND_NAME_1038,Statue di Manectric ,129,-1,42,588,0,"1
0
0
-1
0"
554,UNDERGROUND_NAME_1039,Statue di Plusle ,129,-1,42,588,0,"1
0
0
-1
0"
555,UNDERGROUND_NAME_1040,Statue di Minun ,129,-1,42,588,0,"1
0
0
-1
0"
556,UNDERGROUND_NAME_1041,Statue di Volbeat ,129,-1,42,588,0,"1
0
0
-1
0"
557,UNDERGROUND_NAME_1042,Statue di Illumise ,129,-1,42,588,0,"1
0
0
-1
0"
558,UNDERGROUND_NAME_1043,Statue di Roselia ,129,-1,42,588,0,"1
0
0
-1
0"
559,UNDERGROUND_NAME_1044,Statue di Sharpedo ,129,-1,42,588,0,"1
0
0
-1
0"
560,UNDERGROUND_NAME_1045,Statue di Wailmer ,129,-1,42,588,0,"1
0
0
-1
0"
421,UNDERGROUND_NAME_729,Statue di Camerupt ,129,-1,42,588,0,"1
0
0
-1
0"
561,UNDERGROUND_NAME_1046,Statue di Torkoal ,129,-1,42,588,0,"1
0
0
-1
0"
562,UNDERGROUND_NAME_1047,Statue di Spinda ,129,-1,42,588,0,"1
0
0
-1
0"
563,UNDERGROUND_NAME_1048,Statue di Flygon ,129,-1,42,588,0,"1
0
0
-1
0"
564,UNDERGROUND_NAME_1049,Statue di Cacturne ,129,-1,42,588,0,"1
0
0
-1
0"
565,UNDERGROUND_NAME_1050,Statue di Altaria ,129,-1,42,588,0,"1
0
0
-1
0"
566,UNDERGROUND_NAME_1051,Statue di Zangoose ,129,-1,42,588,0,"1
0
0
-1
0"
567,UNDERGROUND_NAME_1052,Statue di Seviper ,129,-1,42,588,0,"1
0
0
-1
0"
568,UNDERGROUND_NAME_1053,Statue di Lunatone ,129,-1,42,588,0,"1
0
0
-1
0"
569,UNDERGROUND_NAME_1054,Statue di Solrock ,129,-1,42,588,0,"1
0
0
-1
0"
570,UNDERGROUND_NAME_1055,Statue di Whiscash ,129,-1,42,588,0,"1
0
0
-1
0"
571,UNDERGROUND_NAME_1056,Statue di Claydol ,129,-1,42,588,0,"1
0
0
-1
0"
572,UNDERGROUND_NAME_1057,Statue di Cradily ,129,-1,42,588,0,"1
0
0
-1
0"
422,UNDERGROUND_NAME_730,Statue di Milotic ,129,-1,42,588,0,"1
0
0
-1
0"
573,UNDERGROUND_NAME_1058,Statue di Castform ,129,-1,42,588,0,"1
0
0
-1
0"
574,UNDERGROUND_NAME_1059,Statue di Kecleon ,129,-1,42,588,0,"1
0
0
-1
0"
575,UNDERGROUND_NAME_1060,Statue di Tropius ,129,-1,42,588,0,"1
0
0
-1
0"
576,UNDERGROUND_NAME_1061,Statue di Chimecho ,129,-1,42,588,0,"1
0
0
-1
0"
577,UNDERGROUND_NAME_1062,Statue di Absol ,129,-1,42,588,0,"1
0
0
-1
0"
578,UNDERGROUND_NAME_1063,Statue di Spheal ,129,-1,42,588,0,"1
0
0
-1
0"
579,UNDERGROUND_NAME_1064,Statue di Clamperl ,129,-1,42,588,0,"1
0
0
-1
0"
580,UNDERGROUND_NAME_1065,Statue di Relicanth ,129,-1,42,588,0,"1
0
0
-1
0"
581,UNDERGROUND_NAME_1066,Statue di Luvdisc ,129,-1,42,588,0,"1
0
0
-1
0"
423,UNDERGROUND_NAME_731,Statue di Salamence ,129,-1,42,588,0,"1
0
0
-1
0"
424,UNDERGROUND_NAME_732,Statue di Metagross ,129,-1,42,588,0,"1
0
0
-1
0"
456,UNDERGROUND_NAME_764,Statue di Turtwig ,129,-1,42,588,0,"1
0
0
-1
0"
457,UNDERGROUND_NAME_765,Statue di Grotle ,129,-1,42,588,0,"1
0
0
-1
0"
458,UNDERGROUND_NAME_766,Statue di Torterra ,129,-1,42,588,0,"1
0
0
-1
0"
459,UNDERGROUND_NAME_767,Statue di Chimchar ,129,-1,42,588,0,"1
0
0
-1
0"
460,UNDERGROUND_NAME_768,Statue di Monferno ,129,-1,42,588,0,"1
0
0
-1
0"
461,UNDERGROUND_NAME_769,Statue di Infernape ,129,-1,42,588,0,"1
0
0
-1
0"
462,UNDERGROUND_NAME_770,Statue di Piplup ,129,-1,42,588,0,"1
0
0
-1
0"
463,UNDERGROUND_NAME_771,Statue di Prinplup ,129,-1,42,588,0,"1
0
0
-1
0"
464,UNDERGROUND_NAME_772,Statue di Empoleon ,129,-1,42,588,0,"1
0
0
-1
0"
425,UNDERGROUND_NAME_733,Statue di Staraptor ,129,-1,42,588,0,"1
0
0
-1
0"
582,UNDERGROUND_NAME_1067,Statue di Bibarel ,129,-1,42,588,0,"1
0
0
-1
0"
583,UNDERGROUND_NAME_1068,Statue di Kricketot ,129,-1,42,588,0,"1
0
0
-1
0"
584,UNDERGROUND_NAME_1069,Statue di Luxray ,129,-1,42,588,0,"1
0
0
-1
0"
585,UNDERGROUND_NAME_1070,Statue di Budew ,129,-1,42,588,0,"1
0
0
-1
0"
426,UNDERGROUND_NAME_734,Statue di Roserade ,129,-1,42,588,0,"1
0
0
-1
0"
586,UNDERGROUND_NAME_1071,Statue di Cranidos ,129,-1,42,588,0,"1
0
0
-1
0"
587,UNDERGROUND_NAME_1072,Statue di Bastiodon ,129,-1,42,588,0,"1
0
0
-1
0"
588,UNDERGROUND_NAME_1073,Statue di Burmy ,129,-1,42,588,0,"1
0
0
-1
0"
589,UNDERGROUND_NAME_1074,Statue di Wormadam ,129,-1,42,588,0,"1
0
0
-1
0"
590,UNDERGROUND_NAME_1075,Statue di Mothim ,129,-1,42,588,0,"1
0
0
-1
0"
591,UNDERGROUND_NAME_1076,Statue di Vespiquen ,129,-1,42,588,0,"1
0
0
-1
0"
465,UNDERGROUND_NAME_773,Statue di Pachirisu ,129,-1,42,588,0,"1
0
0
-1
0"
592,UNDERGROUND_NAME_1077,Statue di Floatzel ,129,-1,42,588,0,"1
0
0
-1
0"
593,UNDERGROUND_NAME_1078,Statue di Cherubi ,129,-1,42,588,0,"1
0
0
-1
0"
594,UNDERGROUND_NAME_1079,Statue di Gastrodon ,129,-1,42,588,0,"1
0
0
-1
0"
595,UNDERGROUND_NAME_1080,Statue di Ambipom ,129,-1,42,588,0,"1
0
0
-1
0"
466,UNDERGROUND_NAME_774,Statue di Drifloon ,129,-1,42,588,0,"1
0
0
-1
0"
467,UNDERGROUND_NAME_775,Statue di Buneary ,129,-1,42,588,0,"1
0
0
-1
0"
596,UNDERGROUND_NAME_1081,Statue di Mismagius ,129,-1,42,588,0,"1
0
0
-1
0"
427,UNDERGROUND_NAME_735,Statue di Honchkrow ,129,-1,42,588,0,"1
0
0
-1
0"
597,UNDERGROUND_NAME_1082,Statue di Purugly ,129,-1,42,588,0,"1
0
0
-1
0"
598,UNDERGROUND_NAME_1083,Statue di Skuntank ,129,-1,42,588,0,"1
0
0
-1
0"
599,UNDERGROUND_NAME_1084,Statue di Bronzong ,129,-1,42,588,0,"1
0
0
-1
0"
468,UNDERGROUND_NAME_776,Statue di Happiny ,129,-1,42,588,0,"1
0
0
-1
0"
600,UNDERGROUND_NAME_1085,Statue di Chatot ,129,-1,42,588,0,"1
0
0
-1
0"
601,UNDERGROUND_NAME_1086,Statue di Spiritomb ,129,-1,42,588,0,"1
0
0
-1
0"
602,UNDERGROUND_NAME_1087,Statue di Garchomp ,129,-1,42,588,0,"1
0
0
-1
0"
428,UNDERGROUND_NAME_736,Statue di Lucario ,129,-1,42,588,0,"1
0
0
-1
0"
603,UNDERGROUND_NAME_1088,Statue di Hippowdon ,129,-1,42,588,0,"1
0
0
-1
0"
429,UNDERGROUND_NAME_737,Statue di Drapion ,129,-1,42,588,0,"1
0
0
-1
0"
604,UNDERGROUND_NAME_1089,Statue di Croagunk ,129,-1,42,588,0,"1
0
0
-1
0"
605,UNDERGROUND_NAME_1090,Statue di Carnivine ,129,-1,42,588,0,"1
0
0
-1
0"
606,UNDERGROUND_NAME_1091,Statue di Lumineon ,129,-1,42,588,0,"1
0
0
-1
0"
607,UNDERGROUND_NAME_1092,Statue di Abomasnow ,129,-1,42,588,0,"1
0
0
-1
0"
430,UNDERGROUND_NAME_738,Statue di Weavile ,129,-1,42,588,0,"1
0
0
-1
0"
431,UNDERGROUND_NAME_739,Statue di Magnezone ,129,-1,42,588,0,"1
0
0
-1
0"
432,UNDERGROUND_NAME_740,Statue di Rhyperior ,129,-1,42,588,0,"1
0
0
-1
0"
433,UNDERGROUND_NAME_741,Statue di Tangrowth ,129,-1,42,588,0,"1
0
0
-1
0"
434,UNDERGROUND_NAME_742,Statue di Electivire ,129,-1,42,588,0,"1
0
0
-1
0"
435,UNDERGROUND_NAME_743,Statue di Magmortar ,129,-1,42,588,0,"1
0
0
-1
0"
436,UNDERGROUND_NAME_744,Statue di Togekiss ,129,-1,42,588,0,"1
0
0
-1
0"
437,UNDERGROUND_NAME_745,Statue di Yanmega ,129,-1,42,588,0,"1
0
0
-1
0"
469,UNDERGROUND_NAME_777,Statue di Leafeon ,129,-1,42,588,0,"1
0
0
-1
0"
438,UNDERGROUND_NAME_746,Statue di Glaceon ,129,-1,42,588,0,"1
0
0
-1
0"
608,UNDERGROUND_NAME_1093,Statue di Gliscor ,129,-1,42,588,0,"1
0
0
-1
0"
439,UNDERGROUND_NAME_747,Statue di Mamoswine ,129,-1,42,588,0,"1
0
0
-1
0"
440,UNDERGROUND_NAME_748,Statue di Porygon-Z ,129,-1,42,588,0,"1
0
0
-1
0"
441,UNDERGROUND_NAME_749,Statue di Gallade ,129,-1,42,588,0,"1
0
0
-1
0"
609,UNDERGROUND_NAME_1094,Statue di Probopass ,129,-1,42,588,0,"1
0
0
-1
0"
442,UNDERGROUND_NAME_750,Statue di Dusknoir ,129,-1,42,588,0,"1
0
0
-1
0"
610,UNDERGROUND_NAME_1095,Statue di Froslass ,129,-1,42,588,0,"1
0
0
-1
0"
611,UNDERGROUND_NAME_1096,Statue di Rotom ,129,-1,42,588,0,"1
0
0
-1
0"
612,UNDERGROUND_NAME_1097,Statue di Rotom ,129,-1,42,588,0,"1
0
0
-1
0"
613,UNDERGROUND_NAME_1098,Statue di Rotom ,129,-1,42,588,0,"1
0
0
-1
0"
614,UNDERGROUND_NAME_1099,Statue di Rotom ,129,-1,42,588,0,"1
0
0
-1
0"
615,UNDERGROUND_NAME_1100,Statue di Rotom ,129,-1,42,588,0,"1
0
0
-1
0"
616,UNDERGROUND_NAME_1101,Statue di Rotom ,129,-1,42,588,0,"1
0
0
-1
0"
617,UNDERGROUND_NAME_1102,MT93,122,-1,42,420,0,"1
1
0
-1
0"
618,UNDERGROUND_NAME_1103,MT94,122,-1,42,420,0,"1
1
0
-1
0"
619,UNDERGROUND_NAME_1104,MT95,122,-1,42,420,0,"1
1
0
-1
0"
620,UNDERGROUND_NAME_1105,MT96,122,-1,42,420,0,"1
1
0
-1
0"
621,UNDERGROUND_NAME_1106,MT97,122,-1,42,420,0,"1
1
0
-1
0"
622,UNDERGROUND_NAME_1107,MT98,122,-1,42,420,0,"1
1
0
-1
0"
623,UNDERGROUND_NAME_1108,MT99,122,-1,42,420,0,"1
1
0
-1
0"
624,UNDERGROUND_NAME_1109,MT100,122,-1,42,420,0,"1
1
0
-1
0"
625,UNDERGROUND_NAME_1110,Basi quadrate XL,126,10,42,504,0,"1
0
0
-1
0"
626,UNDERGROUND_NAME_1111,Basi rotonde XL,126,10,42,504,0,"1
0
0
-1
0"
627,UNDERGROUND_NAME_1112,Basi immobili XL,126,10,42,504,0,"1
0
0
-1
0"
628,UNDERGROUND_NAME_1113,Basi trasparenti XL,126,10,42,504,0,"1
0
0
-1
0"
629,UNDERGROUND_NAME_1114,Basi destrogire XL,126,10,42,504,0,"1
0
0
-1
0"
630,UNDERGROUND_NAME_1115,Basi sinistrogire XL,126,10,42,504,0,"1
0
0
-1
0"
